<!DOCTYPE beans PUBLIC "-//SPRING//DTD BEAN 2.0//EN"
			"http://www.springframework.org/dtd/spring-beans-2.0.dtd">
<beans>
<!-- DAO with no DI -->
<bean id="dao" class="com.rbu.ems.dao.EmployeeDao"></bean>

<!-- DAO with DI -->
<bean id="dao-di" class="com.rbu.ems.dao.EmployeeDaoDI">
<!-- call setters and inject data here
    String driver;
	String url;
	String username;
	String password;
 -->
<property name="driver" value="oracle.jdbc.OracleDriver"></property>
<property name="url" value="jdbc:oracle:thin:@localhost:1521:xe"></property>
<property name="username" value="system"></property>
<property name="password" value="admin"></property>
</bean>


</beans>


<!-- 
Element : property
Bean definitions can have zero or more properties. Property elements correspond to JavaBean setter methods 
 exposed by the bean classes. Spring supports primitives, references to other beans in the same or related 
 factories, lists, maps and properties.

Content Model : (description?, meta*, (bean | ref | idref | value | null | list | set | map | props)?)

 -->
