<beans xmlns="http://www.springframework.org/schema/beans"
	xmlns:util="http://www.springframework.org/schema/util"
	xmlns:context="http://www.springframework.org/schema/context"
	xmlns:xsi="http://www.w3.org/2001/XMLSchema-instance"
	xsi:schemaLocation="http://www.springframework.org/schema/beans http://www.springframework.org/schema/beans/spring-beans-2.0.xsd http://www.springframework.org/schema/util http://www.springframework.org/schema/util/spring-util-2.0.xsd http://www.springframework.org/schema/context
	http://www.springframework.org/schema/context/spring-context-2.5.xsd">
	<context:annotation-config/><!-- context=ApplicationContext -->
	<context:property-placeholder location="classpath:resources/application.properties"/>
	<bean class="beans.Sim" />
	<bean class="beans.Phone" />
	
	<bean class="beans.ApplicationProperties">
	<property name="properties">
		<util:properties  location="classpath:resources/myapp.properties"></util:properties>
		<!-- Properties p=new Properties(new File("resources/myapp.properties")); -->
	</property>
		<!-- <property name="properties">
			<props>
				<prop key="app_name">ECOM</prop>
				<prop key="app_code">1231</prop>
				<prop key="app_admin">admin</prop>
				<prop key="app_password">adminpassword</prop>
			</props>
		</property> -->
	</bean>
	
</beans>