<beans xmlns="http://www.springframework.org/schema/beans"
	xmlns:util="http://www.springframework.org/schema/util"
	xmlns:xsi="http://www.w3.org/2001/XMLSchema-instance"
	xsi:schemaLocation="http://www.springframework.org/schema/beans http://www.springframework.org/schema/beans/spring-beans-2.0.xsd http://www.springframework.org/schema/util http://www.springframework.org/schema/util/spring-util-2.0.xsd">


		<bean id="std" class="beans.StudentController">
			<property name="roleno" value="1220" />
			<property name="name" value="Naveen" />
			<property name="active" value="false" />

			<property name="courses">
				<list> <!-- ArrayList -->
					<value>Spring</value>
					<value>SB</value>
					<value>MS</value>
				</list>
			</property>
			<property name="fruits">
				<list><!-- ArrayList -->
					<value>Apple</value>
					<value>Mango</value>
					<value>Apple</value>
					<value>Banana</value>
				</list>
			</property>
			<property name="cricketers">
				<set><!-- LHS -->
					<value>Rohit</value>
					<value>Kohli</value>
					<value>Dhoni</value>
					<value>Kohli</value>
				</set>
			</property>
			<property name="statecap">
				<map><!-- LHM -->
					<entry key="TS" value="HYD" />
					<entry key="DELHI" value="DELHI" />
					<entry key="KA" value="BNG" />
					<entry key="DELHI" value="DELHI" />
				</map>
			</property>

			<property name="service" ref="ss"></property>
		</bean>




		<bean id="ss" class="beans.StudentService"></bean>
		<!-- ss=new StudentService() -->



		<bean id="std2" class="beans.StudentController2">
			<property name="roleno" value="1221" />
			<property name="name" value="praveen" />
			<property name="active" value="false" />

			<property name="courses">
				<list> <!-- ArrayList -->
					<value>Spring</value>
					<value>SB</value>
					<value>MS</value>
				</list>
			</property>
			<property name="fruits">
				<util:list list-class="java.util.LinkedList"><!-- ArrayList -->
					<value>Apple</value>
					<value>Mango</value>
					<value>Apple</value>
					<value>Banana</value>
				</util:list>
			</property>
			<property name="cricketers">
				<util:set set-class="java.util.TreeSet"><!-- LHS -->
					<value>Rohit</value>
					<value>Kohli</value>
					<value>Dhoni</value>
					<value>Kohli</value>
				</util:set>
			</property>
			<property name="statecap">
				<util:map map-class="java.util.TreeMap"><!-- LHM -->
					<entry key="TS" value="HYD" />
					<entry key="DELHI" value="DELHI" />
					<entry key="KA" value="BNG" />
					<entry key="DELHI" value="DELHI" />
				</util:map>
			</property>

			<property name="service" ref="ss"></property>
		</bean>



	</beans>